#codeDisplay		as2020.home	as2020.l2	as2020.eng
#nameDisplay		American Samoa 2020 Home Language	American Samoa 2020 L2	American Samoa 2020 English
#isoRegionCode	AS			
#yearCollected	2020			
### Language Criteria ###				
#languageUse	Speaks			
#acquisitionOrder		L1	L2	Any
#domain		Home		
### Population Surveyed ###				
#population	44,174			
#sampleRate	1			
#responsesPerIndividual		1	1	1+
### Data Constraints ###				
#geographicScope	whole country			
#age	5+			
#nationality	residents			
#languagesIncluded	all			
#residenceBasis	de facto			
#quantity	count			
### Creator ###				
#collectorType	Government			
#collectorNameShort	US Census Bureau			
### Source Document ###				
#url	2024-02-15	https://data.census.gov/table/DECENNIALCROSSTABAS2020.CT25		
#datePublished	2026-07-29			
#dateAccessed	DECIA American Samoa Detailed Crosstabulations			
#documentName	2020 Island Areas Censuses: American Samoa			
#tableName	CT25: Language Spoken at Home and Ability to Speak English by Age			
#notes	Universe is population 5 years and over in households. Use the “Total” column for language counts. This is language spoken at home, not mother tongue.		Ability to Speak English: Speaks other languages: Very well	
Language Code	Language	Population		
eng	English	1444	19411	20855
smo	Samoan	38835		
ton	Tongan	913		
mul	Other Pacific Island languages	1798		
mul	Asian languages	945		
mul	Other languages	239		