#codeDisplay		axl.tt	#ethnicity
#nameDisplay		AXL Trinidad & Tobago	
#isoRegionCode	TT		
#yearCollected	2004		
#languageUse	Speaks		
#acquisitionOrder	L1		
#population	1333100		
#quantity	count		
#collectorName	AXL		
#collectorType	Secondary		
#url	https://www.axl.cefan.ulaval.ca/amsudant/trinite-tobago.htm		
#dateAccessed	2026-08-31		
Language Code	Language	Population	Ethnie
eng/trf	English	750 000	Afro-Trinidadiens
eng/trf	English	500 000	Indo-Trinidadiens
tgh	Tobagonian Creole 	36 000	Tobagoniens
hns/trin1268	Caribbean Hindustani	20 000	Indo-Trinidadiens
acf	Trinidadian Creole	9 600	Franco-Trinidadiens
eng	English	6 900	Britanniques
zho	Chinese 	6 500	Chinois han & cantonais
spa	Spanish 	4 100	Hispaniques